{
	"menu": [
		{
			"Kategori"	: "Combo",
			"nama" 		: "Cluckin' huge",
			"harga"		: "Rp75000",
			"gambar"	: "Cluck1.png"
		},
		{
			"Kategori"	: "Combo",
			"nama" 		: "Wing piece",
			"harga"		: "Rp45000",
			"gambar"	: "Cluck2.png"
		},
		{
			"Kategori"	: "Combo",
			"nama" 		: "Balls & Rings",
			"harga"		: "Rp30000",
			"gambar"	: "Cluck3.png"
		},
		{
			"Kategori"	: "Combo",
			"nama" 		: "V. Eggy",
			"harga"		: "Rp50000",
			"gambar"	: "Cluck4.png"
		},
		{
			"Kategori"	: "Combo",
			"nama" 		: "Little peckers",
			"harga"		: "Rp25000",
			"gambar"	: "Cluck5.png"
		},
		{
			"Kategori"	: "Combo",
			"nama" 		: "Flowburger",
			"harga"		: "Rp40000",
			"gambar"	: "Cluck6.png"
		},
		{
			"Kategori"	: "Combo",
			"nama" 		: "Little Clucker",
			"harga"		: "Rp25000",
			"gambar"	: "Cluck7.png"
		},
		{
			"Kategori"	: "Combo",
			"nama" 		: "Farmer's Surprise",
			"harga"		: "Rp20000",
			"gambar"	: "Cluck8.png"
		},
		
		{
			"Kategori"	: "Drink",
			"nama" 		: "Sprunk",
			"harga"		: "Rp10000",
			"gambar"	: "CluckDrink1.png"
		},
		{
			"Kategori"	: "Drink",
			"nama" 		: "O Cola",
			"harga"		: "Rp10000",
			"gambar"	: "CluckDrink2.png"
		},
		{
			"Kategori"	: "Drink",
			"nama" 		: "Orang-O-Tang",
			"harga"		: "Rp10000",
			"gambar"	: "CluckDrink3.png"
		},
		{
			"Kategori"	: "Drink",
			"nama" 		: "Cluckin' Cofee",
			"harga"		: "Rp10000",
			"gambar"	: "CluckDrink4.png"
		}



	]
}